"","intro.x","intro.y","intro.success"
"10",36.000011265,51.75000583,"0"
"13",-62.91666056,49.41667237,"1"
"14",-153.583332,57.41667279,"0"
"15",-60.91666046,46.25000554,"1"
"16",-57.16666026,49.16667236,"1"
"17",-145.99999825,63.000006415,"1"
"18",-152.4166652,60.58333962,"1"
"21",171.0833516,-42.7499991,"0"
"22",-73.91666113,44.08333876,"0"
"23",166.7500181,-45.91666593,"0"
"24",-134.99999765,58.75000619,"1"
